metric,N,Median,P90,P99,Pct_le_15,Pct_le_20
Phone Time,1667,135,490,1650.499999999998,23.5,24
Processing Time,1759,97,2041.6000000000015,15493.280000000115,25.8,26.7
Time to Dispatch,1759,32,1974.6000000000001,15442.84000000011,46.4,47.9
Time to Queue,1759,43,142.20000000000005,377.52000000000044,30.2,32.8
