metric,N,Median,P90,P99,Pct_le_15,Pct_le_20
Phone Time,1416,142,454.5,1704.3999999999996,23.1,23.4
Processing Time,1493,80,1609.5999999999995,11122.279999999968,25.2,26.3
Time to Dispatch,1492,5,1499.600000000003,11032.969999999956,51.7,53.1
Time to Queue,1493,43,136.79999999999995,337.47999999999956,29.1,32
