metric,N,Median,P90,P99,Pct_le_15,Pct_le_20
Phone Time,1652,137,427,1549.1700000000003,17.7,18.2
Processing Time,1739,106,2368,19489.399999999943,20.2,21.1
Time to Dispatch,1738,30.5,2275.0999999999995,19379.309999999936,46,47.2
Time to Queue,1739,43,133,353.09999999999945,24.4,28.8
